url,title,description
https://in.pinterest.com/pin/1131248000131667966/, Cone, Ice-cream cones
https://www.pinterest.com/pin/203576845646897450/,Beautiful Nature,The most beautiful mountain photography ever
https://www.pinterest.com/pin/2603712280627247/,Beautiful Nature,Picturesque mountain landscape with green grass and trees
https://www.pinterest.com/pin/776519160775538550/,Beautiful Nature,Stunning mountain landscape painting with vibrant colors
https://www.pinterest.com/pin/594967800803254519/,Beautiful Nature,Nature's Majesty: Inspiring mountain landscapes
https://www.pinterest.com/pin/594967800805920252/,Beautiful Nature,Nature's Masterpiece: Majestic mountain art
https://www.pinterest.com/pin/350366045994966408/,Creative Workspace,19 creative workspace ideas for couples
https://www.pinterest.com/pin/826480969130037542/,Creative Workspace,30 cutest desk setups for a fun workspace
https://www.pinterest.com/pin/411797959690966180/,Creative Workspace,Dark wood aesthetics for your WFH home office
https://www.pinterest.com/pin/509469776596747545/,Creative Workspace,11 creative workspaces to inspire office organization
https://www.pinterest.com/pin/240027855139389506/,Creative Workspace,Creative workspace setup for designers and collectors
https://www.pinterest.com/pin/662169951498402518/,Delicious Food,Delicious pasta plate perfect for a cozy night in
https://www.pinterest.com/pin/402016704255889085/,Delicious Food,Delicious pasta dish with gourmet food plating
https://www.pinterest.com/pin/213498838582363746/,Delicious Food,Delicious pasta bowl filled with fresh ingredients
https://www.pinterest.com/pin/40743571620566763/,Delicious Food,Delicious pasta with meat and sauce
https://www.pinterest.com/pin/288441551150704169/,Delicious Food,Delicious sandwich and pasta plate
https://www.pinterest.com/pin/3870349658696989/,Detox Water,31 detox water recipes for drinks to cleanse skin and body
https://www.pinterest.com/pin/121808364909554663/,Detox Water,7 delicious vitamin-infused detox water recipes
https://www.pinterest.com/pin/218213544437897418/,Detox Water,Cleansing detox water recipe to lose weight fast
https://www.pinterest.com/pin/163607398951625826/,Detox Water,Cucumber lemon ginger detox water recipe
https://www.pinterest.com/pin/517773288391258271/,Detox Water,Detox water recipe with cucumber lemon and lime
https://www.pinterest.com/pin/2603712280264450/,Beautiful Nature,Mountain background with big beautiful Earth's landscape
https://www.pinterest.com/pin/340795896773048258/,Beautiful Nature,Mountain landscape printable nature pictures
https://www.pinterest.com/pin/32228953575726957/,Beautiful Nature,Mountain landscape photography in Switzerland
https://www.pinterest.com/pin/68961438044228961/,Beautiful Nature,View beauty of beautiful places and nature
https://www.pinterest.com/pin/4714774602848377/,Beautiful Nature,Beautiful mountains and trees
https://www.pinterest.com/pin/89157267620743050/,Creative Workspace,30 best aesthetic desk setup ideas you should check
https://www.pinterest.com/pin/826480969127320743/,Creative Workspace,30 aesthetic desk setups for creative workspace
https://www.pinterest.com/pin/406168460163988138/,Creative Workspace,My home office tour 2022 (creative workspace + desk setup)
https://www.pinterest.com/pin/946811521657341236/,Creative Workspace,22+ creative small desk set-up ideas (2025)
https://www.pinterest.com/pin/1101059808927311660/,Delicious Food,4 pack 13 inch extra large size dinner plate sets delicious pasta plates
https://www.pinterest.com/pin/34621490875096776/,Delicious Food,Delicious pasta on a white plate
https://www.pinterest.com/pin/9922061666862851/,Delicious Food,Delicious and healthy pasta plate
https://www.pinterest.com/pin/852165560776452418/,Delicious Food,I reach for these pasta bowls every single time I make dinner
https://www.pinterest.com/pin/507851295486512559/,Detox Water,Detox water recipes: 12 tasty recipes for weight loss and health
https://www.pinterest.com/pin/709950328785163065/,Detox Water,Detox water for flat belly
https://www.pinterest.com/pin/214061788513351323/,Detox Water,Lemon lime detox water - Turning the Clock Back
https://www.pinterest.com/pin/74450200081669898/,Detox Water,Refreshing detox water
https://www.pinterest.com/pin/281263939210473766/,Detox Water,Indian style pear ginger detox drink | pear honey infused water
https://www.pinterest.com/pin/594967800803254519/,Beautiful Nature,Nature's Majesty: Inspiring mountain landscapes
https://www.pinterest.com/pin/594967800805920252/,Beautiful Nature,Nature's Masterpiece: Majestic mountain art